gender,race/ethnicity,parental level of education,lunch,test preparation course,math score,reading score,writing score,average_score,total_score
Female,Group B,Bachelor'S Degree,Standard,None,72,72,74,72.66666666666667,218
Female,Group C,Some College,Standard,Completed,69,90,88,82.33333333333333,247
Female,Group B,Master'S Degree,Standard,None,90,95,93,92.66666666666667,278
Male,Group A,Associate'S Degree,Free/Reduced,None,47,57,44,49.333333333333336,148
Male,Group C,Some College,Standard,None,76,78,75,76.33333333333333,229
Female,Group B,Associate'S Degree,Standard,None,71,83,78,77.33333333333333,232
Female,Group B,Some College,Standard,Completed,88,95,92,91.66666666666667,275
Male,Group B,Some College,Free/Reduced,None,40,43,39,40.666666666666664,122
Male,Group D,High School,Free/Reduced,Completed,64,64,67,65.0,195
Female,Group B,High School,Free/Reduced,None,38,60,50,49.333333333333336,148
Male,Group C,Associate'S Degree,Standard,None,58,54,52,54.666666666666664,164
Male,Group D,Associate'S Degree,Standard,None,40,52,43,45.0,135
Female,Group B,High School,Standard,None,65,81,73,73.0,219
Male,Group A,Some College,Standard,Completed,78,72,70,73.33333333333333,220
Female,Group A,Master'S Degree,Standard,None,50,53,58,53.666666666666664,161
Female,Group C,Some High School,Standard,None,69,75,78,74.0,222
Male,Group C,High School,Standard,None,88,89,86,87.66666666666667,263
Female,Group B,Some High School,Free/Reduced,None,18,32,28,26.0,78
Male,Group C,Master'S Degree,Free/Reduced,Completed,46,42,46,44.666666666666664,134
Female,Group C,Associate'S Degree,Free/Reduced,None,54,58,61,57.666666666666664,173
Male,Group D,High School,Standard,None,66,69,63,66.0,198
Female,Group B,Some College,Free/Reduced,Completed,65,75,70,70.0,210
Male,Group D,Some College,Standard,None,44,54,53,50.333333333333336,151
Female,Group C,Some High School,Standard,None,69,73,73,71.66666666666667,215
Male,Group D,Bachelor'S Degree,Free/Reduced,Completed,74,71,80,75.0,225
Male,Group A,Master'S Degree,Free/Reduced,None,73,74,72,73.0,219
Male,Group B,Some College,Standard,None,69,54,55,59.333333333333336,178
Female,Group C,Bachelor'S Degree,Standard,None,67,69,75,70.33333333333333,211
Male,Group C,High School,Standard,None,70,70,65,68.33333333333333,205
Female,Group D,Master'S Degree,Standard,None,62,70,75,69.0,207
Female,Group D,Some College,Standard,None,69,74,74,72.33333333333333,217
Female,Group B,Some College,Standard,None,63,65,61,63.0,189
Female,Group E,Master'S Degree,Free/Reduced,None,56,72,65,64.33333333333333,193
Male,Group D,Some College,Standard,None,40,42,38,40.0,120
Male,Group E,Some College,Standard,None,97,87,82,88.66666666666667,266
Male,Group E,Associate'S Degree,Standard,Completed,81,81,79,80.33333333333333,241
Female,Group D,Associate'S Degree,Standard,None,74,81,83,79.33333333333333,238
Female,Group D,Some High School,Free/Reduced,None,50,64,59,57.666666666666664,173
Female,Group D,Associate'S Degree,Free/Reduced,Completed,75,90,88,84.33333333333333,253
Male,Group B,Associate'S Degree,Free/Reduced,None,57,56,57,56.666666666666664,170
Male,Group C,Associate'S Degree,Free/Reduced,None,55,61,54,56.666666666666664,170
Female,Group C,Associate'S Degree,Standard,None,58,73,68,66.33333333333333,199
Female,Group B,Associate'S Degree,Standard,None,53,58,65,58.666666666666664,176
Male,Group B,Some College,Free/Reduced,Completed,59,65,66,63.333333333333336,190
Female,Group E,Associate'S Degree,Free/Reduced,None,50,56,54,53.333333333333336,160
Male,Group B,Associate'S Degree,Standard,None,65,54,57,58.666666666666664,176
Female,Group A,Associate'S Degree,Standard,Completed,55,65,62,60.666666666666664,182
Female,Group C,High School,Standard,None,66,71,76,71.0,213
Female,Group D,Associate'S Degree,Free/Reduced,Completed,57,74,76,69.0,207
Male,Group C,High School,Standard,Completed,82,84,82,82.66666666666667,248
Male,Group E,Some College,Standard,None,53,55,48,52.0,156
Male,Group E,Associate'S Degree,Free/Reduced,Completed,77,69,68,71.33333333333333,214
Male,Group C,Some College,Standard,None,53,44,42,46.333333333333336,139
Male,Group D,High School,Standard,None,88,78,75,80.33333333333333,241
Female,Group C,Some High School,Free/Reduced,Completed,71,84,87,80.66666666666667,242
Female,Group C,High School,Free/Reduced,None,33,41,43,39.0,117
Female,Group E,Associate'S Degree,Standard,Completed,82,85,86,84.33333333333333,253
Male,Group D,Associate'S Degree,Standard,None,52,55,49,52.0,156
Male,Group D,Some College,Standard,Completed,58,59,58,58.333333333333336,175
Female,Group C,Some High School,Free/Reduced,None,0,17,10,9.0,27
Male,Group E,Bachelor'S Degree,Free/Reduced,Completed,79,74,72,75.0,225
Male,Group A,Some High School,Free/Reduced,None,39,39,34,37.333333333333336,112
Male,Group A,Associate'S Degree,Free/Reduced,None,62,61,55,59.333333333333336,178
Female,Group C,Associate'S Degree,Standard,None,69,80,71,73.33333333333333,220
Female,Group D,Some High School,Standard,None,59,58,59,58.666666666666664,176
Male,Group B,Some High School,Standard,None,67,64,61,64.0,192
Male,Group D,Some High School,Free/Reduced,None,45,37,37,39.666666666666664,119
Female,Group C,Some College,Standard,None,60,72,74,68.66666666666667,206
Male,Group B,Associate'S Degree,Free/Reduced,None,61,58,56,58.333333333333336,175
Female,Group C,Associate'S Degree,Standard,None,39,64,57,53.333333333333336,160
Female,Group D,Some College,Free/Reduced,Completed,58,63,73,64.66666666666667,194
Male,Group D,Some College,Standard,Completed,63,55,63,60.333333333333336,181
Female,Group A,Associate'S Degree,Free/Reduced,None,41,51,48,46.666666666666664,140
Male,Group C,Some High School,Free/Reduced,None,61,57,56,58.0,174
Male,Group C,Some High School,Standard,None,49,49,41,46.333333333333336,139
Male,Group B,Associate'S Degree,Free/Reduced,None,44,41,38,41.0,123
Male,Group E,Some High School,Standard,None,30,26,22,26.0,78
Male,Group A,Bachelor'S Degree,Standard,Completed,80,78,81,79.66666666666667,239
Female,Group D,Some High School,Standard,Completed,61,74,72,69.0,207
Female,Group E,Master'S Degree,Standard,None,62,68,68,66.0,198
Female,Group B,Associate'S Degree,Standard,None,47,49,50,48.666666666666664,146
Male,Group B,High School,Free/Reduced,None,49,45,45,46.333333333333336,139
Male,Group A,Some College,Free/Reduced,Completed,50,47,54,50.333333333333336,151
Male,Group E,Associate'S Degree,Standard,None,72,64,63,66.33333333333333,199
Male,Group D,High School,Free/Reduced,None,42,39,34,38.333333333333336,115
Female,Group C,Some College,Standard,None,73,80,82,78.33333333333333,235
Female,Group C,Some College,Free/Reduced,None,76,83,88,82.33333333333333,247
Female,Group D,Associate'S Degree,Standard,None,71,71,74,72.0,216
Female,Group A,Some College,Standard,None,58,70,67,65.0,195
Female,Group D,Some High School,Standard,None,73,86,82,80.33333333333333,241
Female,Group C,Bachelor'S Degree,Standard,None,65,72,74,70.33333333333333,211
Male,Group C,High School,Free/Reduced,None,27,34,36,32.333333333333336,97
Male,Group C,High School,Standard,None,71,79,71,73.66666666666667,221
Male,Group C,Associate'S Degree,Free/Reduced,Completed,43,45,50,46.0,138
Female,Group B,Some College,Standard,None,79,86,92,85.66666666666667,257
Male,Group C,Associate'S Degree,Free/Reduced,Completed,78,81,82,80.33333333333333,241
Male,Group B,Some High School,Standard,Completed,65,66,62,64.33333333333333,193
Female,Group E,Some College,Standard,Completed,63,72,70,68.33333333333333,205
Female,Group D,Some College,Free/Reduced,None,58,67,62,62.333333333333336,187
Female,Group D,Bachelor'S Degree,Standard,None,65,67,62,64.66666666666667,194
Male,Group B,Some College,Standard,None,79,67,67,71.0,213
Male,Group D,Bachelor'S Degree,Standard,Completed,68,74,74,72.0,216
Female,Group D,Associate'S Degree,Standard,None,85,91,89,88.33333333333333,265
Male,Group B,High School,Standard,Completed,60,44,47,50.333333333333336,151
Male,Group C,Some College,Standard,Completed,98,86,90,91.33333333333333,274
Female,Group C,Some College,Standard,None,58,67,72,65.66666666666667,197
Female,Group D,Master'S Degree,Standard,None,87,100,100,95.66666666666667,287
Male,Group E,Associate'S Degree,Standard,Completed,66,63,64,64.33333333333333,193
Female,Group B,Associate'S Degree,Free/Reduced,None,52,76,70,66.0,198
Female,Group B,Some High School,Standard,None,70,64,72,68.66666666666667,206
Female,Group D,Associate'S Degree,Free/Reduced,Completed,77,89,98,88.0,264
Male,Group C,High School,Standard,None,62,55,49,55.333333333333336,166
Male,Group A,Associate'S Degree,Standard,None,54,53,47,51.333333333333336,154
Female,Group D,Some College,Standard,None,51,58,54,54.333333333333336,163
Female,Group E,Bachelor'S Degree,Standard,Completed,99,100,100,99.66666666666667,299
Male,Group C,High School,Standard,None,84,77,74,78.33333333333333,235
Female,Group B,Bachelor'S Degree,Free/Reduced,None,75,85,82,80.66666666666667,242
Female,Group D,Bachelor'S Degree,Standard,None,78,82,79,79.66666666666667,239
Female,Group D,Some High School,Standard,None,51,63,61,58.333333333333336,175
Female,Group C,Some College,Standard,None,55,69,65,63.0,189
Female,Group C,Bachelor'S Degree,Standard,Completed,79,92,89,86.66666666666667,260
Male,Group B,Associate'S Degree,Standard,Completed,91,89,92,90.66666666666667,272
Female,Group C,Some College,Standard,Completed,88,93,93,91.33333333333333,274
Male,Group D,High School,Free/Reduced,None,63,57,56,58.666666666666664,176
Male,Group E,Some College,Standard,None,83,80,73,78.66666666666667,236
Female,Group B,High School,Standard,None,87,95,86,89.33333333333333,268
Male,Group B,Some High School,Standard,None,72,68,67,69.0,207
Male,Group D,Some College,Standard,Completed,65,77,74,72.0,216
Male,Group D,Master'S Degree,Standard,None,82,82,74,79.33333333333333,238
Female,Group A,Bachelor'S Degree,Standard,None,51,49,51,50.333333333333336,151
Male,Group D,Master'S Degree,Standard,None,89,84,82,85.0,255
Male,Group C,Some High School,Free/Reduced,Completed,53,37,40,43.333333333333336,130
Male,Group E,Some College,Free/Reduced,Completed,87,74,70,77.0,231
Female,Group C,Some College,Standard,Completed,75,81,84,80.0,240
Male,Group D,Bachelor'S Degree,Free/Reduced,Completed,74,79,75,76.0,228
Male,Group C,Bachelor'S Degree,Standard,None,58,55,48,53.666666666666664,161
Male,Group B,Some High School,Standard,Completed,51,54,41,48.666666666666664,146
Male,Group E,High School,Standard,None,70,55,56,60.333333333333336,181
Female,Group C,Associate'S Degree,Standard,None,59,66,67,64.0,192
Male,Group D,Some College,Standard,Completed,71,61,69,67.0,201
Female,Group D,Some High School,Standard,None,76,72,71,73.0,219
Female,Group C,Some College,Free/Reduced,None,59,62,64,61.666666666666664,185
Female,Group E,Some College,Free/Reduced,Completed,42,55,54,50.333333333333336,151
Male,Group A,High School,Standard,None,57,43,47,49.0,147
Male,Group D,Some College,Standard,None,88,73,78,79.66666666666667,239
Female,Group C,Some College,Free/Reduced,None,22,39,33,31.333333333333332,94
Male,Group B,Some High School,Standard,None,88,84,75,82.33333333333333,247
Male,Group C,Associate'S Degree,Free/Reduced,None,73,68,66,69.0,207
Female,Group D,Bachelor'S Degree,Standard,Completed,68,75,81,74.66666666666667,224
Male,Group E,Associate'S Degree,Free/Reduced,Completed,100,100,93,97.66666666666667,293
Male,Group A,Some High School,Standard,Completed,62,67,69,66.0,198
Male,Group A,Bachelor'S Degree,Standard,None,77,67,68,70.66666666666667,212
Female,Group B,Associate'S Degree,Standard,Completed,59,70,66,65.0,195
Male,Group D,Bachelor'S Degree,Standard,None,54,49,47,50.0,150
Male,Group D,Some High School,Standard,None,62,67,61,63.333333333333336,190
Female,Group C,Some College,Standard,Completed,70,89,88,82.33333333333333,247
Female,Group E,High School,Free/Reduced,Completed,66,74,78,72.66666666666667,218
Male,Group B,Some College,Free/Reduced,None,60,60,60,60.0,180
Female,Group B,Associate'S Degree,Standard,Completed,61,86,87,78.0,234
Male,Group D,Associate'S Degree,Free/Reduced,None,66,62,64,64.0,192
Male,Group B,Associate'S Degree,Free/Reduced,Completed,82,78,74,78.0,234
Female,Group E,Some College,Free/Reduced,Completed,75,88,85,82.66666666666667,248
Male,Group B,Master'S Degree,Free/Reduced,None,49,53,52,51.333333333333336,154
Male,Group C,High School,Standard,None,52,53,49,51.333333333333336,154
Female,Group E,Master'S Degree,Standard,None,81,92,91,88.0,264
Female,Group C,Bachelor'S Degree,Standard,Completed,96,100,100,98.66666666666667,296
Male,Group C,High School,Free/Reduced,Completed,53,51,51,51.666666666666664,155
Female,Group B,Master'S Degree,Free/Reduced,Completed,58,76,78,70.66666666666667,212
Female,Group B,High School,Standard,Completed,68,83,78,76.33333333333333,229
Female,Group C,Some College,Free/Reduced,Completed,67,75,70,70.66666666666667,212
Male,Group A,High School,Standard,Completed,72,73,74,73.0,219
Male,Group E,Some High School,Standard,None,94,88,78,86.66666666666667,260
Female,Group D,Some College,Standard,None,79,86,81,82.0,246
Female,Group C,Associate'S Degree,Standard,None,63,67,70,66.66666666666667,200
Female,Group C,Bachelor'S Degree,Free/Reduced,Completed,43,51,54,49.333333333333336,148
Female,Group C,Master'S Degree,Standard,Completed,81,91,87,86.33333333333333,259
Female,Group B,High School,Free/Reduced,Completed,46,54,58,52.666666666666664,158
Female,Group C,Associate'S Degree,Standard,Completed,71,77,77,75.0,225
Female,Group B,Master'S Degree,Free/Reduced,Completed,52,70,62,61.333333333333336,184
Female,Group D,Some High School,Standard,Completed,97,100,100,99.0,297
Male,Group C,Master'S Degree,Free/Reduced,Completed,62,68,75,68.33333333333333,205
Female,Group C,Some College,Free/Reduced,None,46,64,66,58.666666666666664,176
Female,Group E,High School,Standard,None,50,50,47,49.0,147
Female,Group D,Associate'S Degree,Standard,None,65,69,70,68.0,204
Male,Group C,Some High School,Free/Reduced,Completed,45,52,49,48.666666666666664,146
Male,Group C,Associate'S Degree,Free/Reduced,Completed,65,67,65,65.66666666666667,197
Male,Group E,High School,Standard,None,80,76,65,73.66666666666667,221
Male,Group D,Some High School,Standard,Completed,62,66,68,65.33333333333333,196
Male,Group B,Some High School,Free/Reduced,None,48,52,45,48.333333333333336,145
Female,Group C,Bachelor'S Degree,Standard,None,77,88,87,84.0,252
Female,Group E,Associate'S Degree,Standard,None,66,65,69,66.66666666666667,200
Male,Group D,Some College,Standard,Completed,76,83,79,79.33333333333333,238
Female,Group B,Some High School,Standard,None,62,64,66,64.0,192
Male,Group D,Some College,Standard,Completed,77,62,62,67.0,201
Female,Group C,Master'S Degree,Standard,Completed,69,84,85,79.33333333333333,238
Male,Group D,Associate'S Degree,Standard,None,61,55,52,56.0,168
Male,Group C,Some High School,Free/Reduced,Completed,59,69,65,64.33333333333333,193
Male,Group E,High School,Free/Reduced,None,55,56,51,54.0,162
Female,Group B,Some College,Free/Reduced,None,45,53,55,51.0,153
Female,Group B,Bachelor'S Degree,Free/Reduced,None,78,79,76,77.66666666666667,233
Female,Group C,Associate'S Degree,Standard,Completed,67,84,86,79.0,237
Female,Group D,Some College,Free/Reduced,None,65,81,77,74.33333333333333,223
Male,Group C,Associate'S Degree,Standard,None,69,77,69,71.66666666666667,215
Female,Group B,Associate'S Degree,Standard,None,57,69,68,64.66666666666667,194
Male,Group C,Some College,Standard,None,59,41,42,47.333333333333336,142
Male,Group D,Some High School,Standard,Completed,74,71,78,74.33333333333333,223
Male,Group E,Bachelor'S Degree,Standard,None,82,62,62,68.66666666666667,206
Male,Group E,High School,Standard,Completed,81,80,76,79.0,237
Female,Group B,Some College,Free/Reduced,None,74,81,76,77.0,231
Female,Group B,Some College,Free/Reduced,None,58,61,66,61.666666666666664,185
Male,Group D,Some High School,Free/Reduced,Completed,80,79,79,79.33333333333333,238
Male,Group C,Some College,Free/Reduced,None,35,28,27,30.0,90
Female,Group C,High School,Free/Reduced,None,42,62,60,54.666666666666664,164
Male,Group C,Associate'S Degree,Free/Reduced,Completed,60,51,56,55.666666666666664,167
Male,Group E,High School,Standard,Completed,87,91,81,86.33333333333333,259
Male,Group B,Some High School,Standard,Completed,84,83,75,80.66666666666667,242
Female,Group E,Associate'S Degree,Free/Reduced,Completed,83,86,88,85.66666666666667,257
Female,Group C,High School,Free/Reduced,None,34,42,39,38.333333333333336,115
Male,Group B,High School,Free/Reduced,None,66,77,70,71.0,213
Male,Group B,Some High School,Standard,Completed,61,56,56,57.666666666666664,173
Female,Group D,High School,Standard,Completed,56,68,74,66.0,198
Male,Group B,Associate'S Degree,Standard,None,87,85,73,81.66666666666667,245
Female,Group C,Some High School,Free/Reduced,None,55,65,62,60.666666666666664,182
Male,Group D,Some High School,Standard,None,86,80,75,80.33333333333333,241
Female,Group B,Associate'S Degree,Standard,Completed,52,66,73,63.666666666666664,191
Female,Group E,Master'S Degree,Free/Reduced,None,45,56,54,51.666666666666664,155
Female,Group C,Some College,Standard,None,72,72,71,71.66666666666667,215
Male,Group D,High School,Standard,None,57,50,54,53.666666666666664,161
Male,Group A,Some High School,Free/Reduced,None,68,72,64,68.0,204
Female,Group C,Some College,Standard,Completed,88,95,94,92.33333333333333,277
Male,Group D,Some College,Standard,None,76,64,66,68.66666666666667,206
Male,Group C,Associate'S Degree,Standard,None,46,43,42,43.666666666666664,131
Female,Group B,Bachelor'S Degree,Standard,None,67,86,83,78.66666666666667,236
Male,Group E,Some High School,Standard,None,92,87,78,85.66666666666667,257
Male,Group C,Bachelor'S Degree,Standard,Completed,83,82,84,83.0,249
Male,Group D,Associate'S Degree,Standard,None,80,75,77,77.33333333333333,232
Male,Group D,Bachelor'S Degree,Free/Reduced,None,63,66,67,65.33333333333333,196
Female,Group D,Some High School,Standard,Completed,64,60,74,66.0,198
Male,Group B,Some College,Standard,None,54,52,51,52.333333333333336,157
Male,Group C,Associate'S Degree,Standard,None,84,80,80,81.33333333333333,244
Male,Group D,High School,Free/Reduced,Completed,73,68,66,69.0,207
Female,Group E,Bachelor'S Degree,Standard,None,80,83,83,82.0,246
Female,Group D,High School,Standard,None,56,52,55,54.333333333333336,163
Male,Group E,Some College,Standard,None,59,51,43,51.0,153
Male,Group D,Some High School,Standard,None,75,74,69,72.66666666666667,218
Male,Group C,Associate'S Degree,Standard,None,85,76,71,77.33333333333333,232
Male,Group E,Associate'S Degree,Standard,None,89,76,74,79.66666666666667,239
Female,Group B,High School,Standard,Completed,58,70,68,65.33333333333333,196
Female,Group B,High School,Standard,None,65,64,62,63.666666666666664,191
Male,Group C,High School,Standard,None,68,60,53,60.333333333333336,181
Male,Group A,Some High School,Standard,Completed,47,49,49,48.333333333333336,145
Female,Group D,Some College,Free/Reduced,None,71,83,83,79.0,237
Female,Group B,Some High School,Standard,Completed,60,70,70,66.66666666666667,200
Male,Group D,Master'S Degree,Standard,None,80,80,72,77.33333333333333,232
Male,Group D,High School,Standard,None,54,52,52,52.666666666666664,158
Female,Group E,Some College,Standard,None,62,73,70,68.33333333333333,205
Female,Group C,Associate'S Degree,Free/Reduced,None,64,73,68,68.33333333333333,205
Male,Group C,Associate'S Degree,Standard,Completed,78,77,77,77.33333333333333,232
Female,Group B,Some College,Standard,None,70,75,78,74.33333333333333,223
Female,Group C,Master'S Degree,Free/Reduced,Completed,65,81,81,75.66666666666667,227
Female,Group C,Some High School,Free/Reduced,Completed,64,79,77,73.33333333333333,220
Male,Group C,Some College,Standard,Completed,79,79,78,78.66666666666667,236
Female,Group C,Some High School,Free/Reduced,None,44,50,51,48.333333333333336,145
Female,Group E,High School,Standard,None,99,93,90,94.0,282
Male,Group D,High School,Standard,None,76,73,68,72.33333333333333,217
Male,Group D,Some High School,Free/Reduced,None,59,42,41,47.333333333333336,142
Female,Group C,Bachelor'S Degree,Standard,None,63,75,81,73.0,219
Female,Group D,High School,Standard,None,69,72,77,72.66666666666667,218
Female,Group D,Associate'S Degree,Standard,Completed,88,92,95,91.66666666666667,275
Female,Group E,Some College,Free/Reduced,None,71,76,70,72.33333333333333,217
Male,Group C,Bachelor'S Degree,Standard,None,69,63,61,64.33333333333333,193
Male,Group C,Some College,Standard,None,58,49,42,49.666666666666664,149
Female,Group D,Associate'S Degree,Free/Reduced,None,47,53,58,52.666666666666664,158
Female,Group D,Some College,Standard,None,65,70,71,68.66666666666667,206
Male,Group B,Some College,Standard,Completed,88,85,76,83.0,249
Male,Group C,Bachelor'S Degree,Standard,None,83,78,73,78.0,234
Female,Group C,Some High School,Standard,Completed,85,92,93,90.0,270
Female,Group E,High School,Standard,Completed,59,63,75,65.66666666666667,197
Female,Group C,Some High School,Free/Reduced,None,65,86,80,77.0,231
Male,Group B,Bachelor'S Degree,Free/Reduced,None,73,56,57,62.0,186
Male,Group D,High School,Standard,None,53,52,42,49.0,147
Male,Group D,High School,Standard,None,45,48,46,46.333333333333336,139
Female,Group D,Bachelor'S Degree,Free/Reduced,None,73,79,84,78.66666666666667,236
Female,Group D,Some College,Free/Reduced,Completed,70,78,78,75.33333333333333,226
Female,Group B,Some High School,Standard,None,37,46,46,43.0,129
Male,Group B,Associate'S Degree,Standard,Completed,81,82,82,81.66666666666667,245
Male,Group E,Associate'S Degree,Standard,Completed,97,82,88,89.0,267
Female,Group B,Some High School,Standard,None,67,89,82,79.33333333333333,238
Male,Group B,Bachelor'S Degree,Free/Reduced,None,88,75,76,79.66666666666667,239
Male,Group E,Some High School,Standard,Completed,77,76,77,76.66666666666667,230
Male,Group C,Associate'S Degree,Standard,None,76,70,68,71.33333333333333,214
Male,Group D,Some High School,Standard,None,86,73,70,76.33333333333333,229
Male,Group C,Some High School,Standard,Completed,63,60,57,60.0,180
Female,Group E,Bachelor'S Degree,Standard,None,65,73,75,71.0,213
Male,Group D,High School,Free/Reduced,Completed,78,77,80,78.33333333333333,235
Male,Group B,Associate'S Degree,Free/Reduced,None,67,62,60,63.0,189
Male,Group A,Some High School,Standard,Completed,46,41,43,43.333333333333336,130
Male,Group E,Associate'S Degree,Standard,Completed,71,74,68,71.0,213
Male,Group C,High School,Free/Reduced,Completed,40,46,50,45.333333333333336,136
Male,Group D,Associate'S Degree,Free/Reduced,None,90,87,75,84.0,252
Male,Group A,Some College,Free/Reduced,Completed,81,78,81,80.0,240
Male,Group D,Some High School,Free/Reduced,None,56,54,52,54.0,162
Female,Group C,Associate'S Degree,Standard,Completed,67,84,81,77.33333333333333,232
Male,Group B,Associate'S Degree,Standard,None,80,76,64,73.33333333333333,220
Female,Group C,Associate'S Degree,Standard,Completed,74,75,83,77.33333333333333,232
Male,Group A,Some College,Standard,None,69,67,69,68.33333333333333,205
Male,Group E,Some College,Standard,Completed,99,87,81,89.0,267
Male,Group C,Some High School,Standard,None,51,52,44,49.0,147
Female,Group B,Associate'S Degree,Free/Reduced,None,53,71,67,63.666666666666664,191
Female,Group D,High School,Free/Reduced,None,49,57,52,52.666666666666664,158
Female,Group B,Associate'S Degree,Standard,None,73,76,80,76.33333333333333,229
Male,Group B,Bachelor'S Degree,Standard,None,66,60,57,61.0,183
Male,Group D,Bachelor'S Degree,Standard,Completed,67,61,68,65.33333333333333,196
Female,Group C,Associate'S Degree,Free/Reduced,Completed,68,67,69,68.0,204
Female,Group C,Bachelor'S Degree,Standard,Completed,59,64,75,66.0,198
Male,Group C,High School,Standard,None,71,66,65,67.33333333333333,202
Female,Group D,Master'S Degree,Standard,Completed,77,82,91,83.33333333333333,250
Male,Group C,Associate'S Degree,Standard,None,83,72,78,77.66666666666667,233
Male,Group B,Bachelor'S Degree,Standard,None,63,71,69,67.66666666666667,203
Female,Group D,Associate'S Degree,Free/Reduced,None,56,65,63,61.333333333333336,184
Female,Group C,High School,Free/Reduced,Completed,67,79,84,76.66666666666667,230
Female,Group E,High School,Standard,None,75,86,79,80.0,240
Female,Group C,Some College,Standard,None,71,81,80,77.33333333333333,232
Female,Group C,Some High School,Free/Reduced,None,43,53,53,49.666666666666664,149
Female,Group C,High School,Free/Reduced,None,41,46,43,43.333333333333336,130
Female,Group C,Some College,Standard,None,82,90,94,88.66666666666667,266
Male,Group C,Some College,Standard,None,61,61,62,61.333333333333336,184
Male,Group A,Some College,Free/Reduced,None,28,23,19,23.333333333333332,70
Male,Group C,Associate'S Degree,Standard,Completed,82,75,77,78.0,234
Female,Group B,Some High School,Standard,None,41,55,51,49.0,147
Male,Group C,High School,Standard,None,71,60,61,64.0,192
Male,Group C,Associate'S Degree,Standard,None,47,37,35,39.666666666666664,119
Male,Group E,Associate'S Degree,Standard,Completed,62,56,53,57.0,171
Male,Group B,Associate'S Degree,Standard,None,90,78,81,83.0,249
Female,Group C,Bachelor'S Degree,Standard,None,83,93,95,90.33333333333333,271
Female,Group B,Some College,Free/Reduced,None,61,68,66,65.0,195
Male,Group D,Some High School,Standard,Completed,76,70,69,71.66666666666667,215
Male,Group C,Associate'S Degree,Standard,None,49,51,43,47.666666666666664,143
Female,Group B,Some High School,Free/Reduced,None,24,38,27,29.666666666666668,89
Female,Group D,Some High School,Free/Reduced,Completed,35,55,60,50.0,150
Male,Group C,High School,Free/Reduced,None,58,61,52,57.0,171
Female,Group C,High School,Standard,None,61,73,63,65.66666666666667,197
Female,Group B,High School,Standard,Completed,69,76,74,73.0,219
Male,Group D,Associate'S Degree,Standard,Completed,67,72,67,68.66666666666667,206
Male,Group D,Some College,Standard,None,79,73,67,73.0,219
Female,Group C,High School,Standard,None,72,80,75,75.66666666666667,227
Male,Group B,Some College,Standard,None,62,61,57,60.0,180
Female,Group C,Bachelor'S Degree,Standard,Completed,77,94,95,88.66666666666667,266
Male,Group D,High School,Free/Reduced,None,75,74,66,71.66666666666667,215
Male,Group E,Associate'S Degree,Standard,None,87,74,76,79.0,237
Female,Group B,Bachelor'S Degree,Standard,None,52,65,69,62.0,186
Male,Group E,Some College,Standard,None,66,57,52,58.333333333333336,175
Female,Group C,Some College,Standard,Completed,63,78,80,73.66666666666667,221
Female,Group C,Associate'S Degree,Standard,None,46,58,57,53.666666666666664,161
Female,Group C,Some College,Standard,None,59,71,70,66.66666666666667,200
Female,Group B,Bachelor'S Degree,Standard,None,61,72,70,67.66666666666667,203
Male,Group A,Associate'S Degree,Standard,None,63,61,61,61.666666666666664,185
Female,Group C,Some College,Free/Reduced,Completed,42,66,69,59.0,177
Male,Group D,Some College,Free/Reduced,None,59,62,61,60.666666666666664,182
Female,Group D,Some College,Standard,None,80,90,89,86.33333333333333,259
Female,Group B,High School,Standard,None,58,62,59,59.666666666666664,179
Male,Group B,Some High School,Standard,Completed,85,84,78,82.33333333333333,247
Female,Group C,Some College,Standard,None,52,58,58,56.0,168
Female,Group D,Some High School,Free/Reduced,None,27,34,32,31.0,93
Male,Group C,Some College,Standard,None,59,60,58,59.0,177
Male,Group A,Bachelor'S Degree,Free/Reduced,Completed,49,58,60,55.666666666666664,167
Male,Group C,High School,Standard,Completed,69,58,53,60.0,180
Male,Group C,Bachelor'S Degree,Free/Reduced,None,61,66,61,62.666666666666664,188
Female,Group A,Some High School,Free/Reduced,None,44,64,58,55.333333333333336,166
Female,Group D,Some High School,Standard,None,73,84,85,80.66666666666667,242
Male,Group E,Some College,Standard,None,84,77,71,77.33333333333333,232
Female,Group C,Some College,Free/Reduced,Completed,45,73,70,62.666666666666664,188
Male,Group D,Some High School,Standard,None,74,74,72,73.33333333333333,220
Female,Group D,Some College,Standard,Completed,82,97,96,91.66666666666667,275
Female,Group D,Bachelor'S Degree,Standard,None,59,70,73,67.33333333333333,202
Male,Group E,Associate'S Degree,Free/Reduced,None,46,43,41,43.333333333333336,130
Female,Group D,Some High School,Standard,None,80,90,82,84.0,252
Female,Group D,Master'S Degree,Free/Reduced,Completed,85,95,100,93.33333333333333,280
Female,Group A,Some High School,Standard,None,71,83,77,77.0,231
Male,Group A,Bachelor'S Degree,Standard,None,66,64,62,64.0,192
Female,Group B,Associate'S Degree,Standard,None,80,86,83,83.0,249
Male,Group C,Associate'S Degree,Standard,Completed,87,100,95,94.0,282
Male,Group C,Master'S Degree,Free/Reduced,None,79,81,71,77.0,231
Female,Group E,Some High School,Free/Reduced,None,38,49,45,44.0,132
Female,Group A,Some High School,Free/Reduced,None,38,43,43,41.333333333333336,124
Female,Group E,Some College,Standard,None,67,76,75,72.66666666666667,218
Female,Group E,Bachelor'S Degree,Standard,None,64,73,70,69.0,207
Female,Group C,Associate'S Degree,Free/Reduced,None,57,78,67,67.33333333333333,202
Female,Group D,High School,Standard,None,62,64,64,63.333333333333336,190
Male,Group D,Master'S Degree,Standard,None,73,70,75,72.66666666666667,218
Male,Group E,Some High School,Free/Reduced,Completed,73,67,59,66.33333333333333,199
Female,Group D,Some College,Standard,None,77,68,77,74.0,222
Male,Group E,Some College,Standard,None,76,67,67,70.0,210
Male,Group C,Associate'S Degree,Standard,Completed,57,54,56,55.666666666666664,167
Female,Group C,Some High School,Standard,Completed,65,74,77,72.0,216
Male,Group A,High School,Free/Reduced,None,48,45,41,44.666666666666664,134
Female,Group B,High School,Free/Reduced,None,50,67,63,60.0,180
Female,Group C,Associate'S Degree,Standard,None,85,89,95,89.66666666666667,269
Male,Group B,Some High School,Standard,None,74,63,57,64.66666666666667,194
Male,Group D,Some High School,Standard,None,60,59,54,57.666666666666664,173
Female,Group C,Some High School,Standard,Completed,59,54,67,60.0,180
Male,Group A,Some College,Standard,None,53,43,43,46.333333333333336,139
Female,Group A,Some College,Free/Reduced,None,49,65,55,56.333333333333336,169
Female,Group D,High School,Standard,Completed,88,99,100,95.66666666666667,287
Female,Group C,High School,Standard,None,54,59,62,58.333333333333336,175
Female,Group C,Some High School,Standard,None,63,73,68,68.0,204
Male,Group B,Associate'S Degree,Standard,Completed,65,65,63,64.33333333333333,193
Female,Group B,Associate'S Degree,Standard,None,82,80,77,79.66666666666667,239
Female,Group D,High School,Free/Reduced,Completed,52,57,56,55.0,165
Male,Group D,Associate'S Degree,Standard,Completed,87,84,85,85.33333333333333,256
Female,Group D,Master'S Degree,Standard,Completed,70,71,74,71.66666666666667,215
Male,Group E,Some College,Standard,Completed,84,83,78,81.66666666666667,245
Male,Group D,Associate'S Degree,Standard,None,71,66,60,65.66666666666667,197
Male,Group B,Some High School,Standard,Completed,63,67,67,65.66666666666667,197
Female,Group C,Bachelor'S Degree,Free/Reduced,Completed,51,72,79,67.33333333333333,202
Male,Group E,High School,Standard,None,84,73,69,75.33333333333333,226
Male,Group C,Bachelor'S Degree,Standard,Completed,71,74,68,71.0,213
Male,Group C,Associate'S Degree,Standard,None,74,73,67,71.33333333333333,214
Male,Group D,Some College,Standard,None,68,59,62,63.0,189
Male,Group E,High School,Free/Reduced,Completed,57,56,54,55.666666666666664,167
Female,Group C,Associate'S Degree,Free/Reduced,Completed,82,93,93,89.33333333333333,268
Female,Group D,High School,Standard,Completed,57,58,64,59.666666666666664,179
Female,Group D,Master'S Degree,Free/Reduced,Completed,47,58,67,57.333333333333336,172
Female,Group A,Some High School,Standard,Completed,59,85,80,74.66666666666667,224
Male,Group B,Some College,Free/Reduced,None,41,39,34,38.0,114
Female,Group C,Some College,Free/Reduced,None,62,67,62,63.666666666666664,191
Male,Group C,Bachelor'S Degree,Standard,None,86,83,86,85.0,255
Male,Group C,Some High School,Free/Reduced,None,69,71,65,68.33333333333333,205
Male,Group A,Some High School,Free/Reduced,None,65,59,53,59.0,177
Male,Group C,Some High School,Free/Reduced,None,68,63,54,61.666666666666664,185
Male,Group C,Associate'S Degree,Free/Reduced,None,64,66,59,63.0,189
Female,Group C,High School,Standard,None,61,72,70,67.66666666666667,203
Male,Group C,High School,Standard,None,61,56,55,57.333333333333336,172
Female,Group A,Some High School,Free/Reduced,None,47,59,50,52.0,156
Male,Group C,Some High School,Standard,None,73,66,66,68.33333333333333,205
Male,Group C,Some College,Free/Reduced,Completed,50,48,53,50.333333333333336,151
Male,Group D,Associate'S Degree,Standard,None,75,68,64,69.0,207
Male,Group D,Associate'S Degree,Free/Reduced,None,75,66,73,71.33333333333333,214
Male,Group C,High School,Standard,None,70,56,51,59.0,177
Male,Group D,Some High School,Standard,Completed,89,88,82,86.33333333333333,259
Female,Group C,Some College,Standard,Completed,67,81,79,75.66666666666667,227
Female,Group D,High School,Standard,None,78,81,80,79.66666666666667,239
Female,Group A,Some High School,Free/Reduced,None,59,73,69,67.0,201
Female,Group B,Associate'S Degree,Standard,None,73,83,76,77.33333333333333,232
Male,Group A,Some High School,Free/Reduced,None,79,82,73,78.0,234
Female,Group C,Some High School,Standard,Completed,67,74,77,72.66666666666667,218
Male,Group D,Some College,Free/Reduced,None,69,66,60,65.0,195
Male,Group C,High School,Standard,Completed,86,81,80,82.33333333333333,247
Male,Group B,High School,Standard,None,47,46,42,45.0,135
Male,Group B,Associate'S Degree,Standard,None,81,73,72,75.33333333333333,226
Female,Group C,Some College,Free/Reduced,Completed,64,85,85,78.0,234
Female,Group E,Some College,Standard,None,100,92,97,96.33333333333333,289
Female,Group C,Associate'S Degree,Free/Reduced,None,65,77,74,72.0,216
Male,Group C,Some College,Free/Reduced,None,65,58,49,57.333333333333336,172
Female,Group C,Associate'S Degree,Free/Reduced,None,53,61,62,58.666666666666664,176
Male,Group C,Bachelor'S Degree,Free/Reduced,None,37,56,47,46.666666666666664,140
Female,Group D,Bachelor'S Degree,Standard,None,79,89,89,85.66666666666667,257
Male,Group D,Associate'S Degree,Free/Reduced,None,53,54,48,51.666666666666664,155
Female,Group E,Bachelor'S Degree,Standard,None,100,100,100,100.0,300
Male,Group B,High School,Standard,Completed,72,65,68,68.33333333333333,205
Male,Group C,Bachelor'S Degree,Free/Reduced,None,53,58,55,55.333333333333336,166
Male,Group B,Some College,Free/Reduced,None,54,54,45,51.0,153
Female,Group E,Some College,Standard,None,71,70,76,72.33333333333333,217
Female,Group C,Some College,Free/Reduced,None,77,90,91,86.0,258
Male,Group A,Bachelor'S Degree,Standard,Completed,75,58,62,65.0,195
Female,Group C,Some College,Standard,None,84,87,91,87.33333333333333,262
Female,Group D,Associate'S Degree,Free/Reduced,None,26,31,38,31.666666666666668,95
Male,Group A,High School,Free/Reduced,Completed,72,67,65,68.0,204
Female,Group A,High School,Free/Reduced,Completed,77,88,85,83.33333333333333,250
Male,Group C,Some College,Standard,None,91,74,76,80.33333333333333,241
Female,Group C,Associate'S Degree,Standard,Completed,83,85,90,86.0,258
Female,Group C,High School,Standard,None,63,69,74,68.66666666666667,206
Female,Group C,Associate'S Degree,Standard,Completed,68,86,84,79.33333333333333,238
Female,Group D,Some High School,Standard,None,59,67,61,62.333333333333336,187
Female,Group B,Associate'S Degree,Standard,Completed,90,90,91,90.33333333333333,271
Female,Group D,Bachelor'S Degree,Standard,Completed,71,76,83,76.66666666666667,230
Male,Group E,Bachelor'S Degree,Standard,Completed,76,62,66,68.0,204
Male,Group D,Associate'S Degree,Standard,None,80,68,72,73.33333333333333,220
Female,Group D,Master'S Degree,Standard,None,55,64,70,63.0,189
Male,Group E,Associate'S Degree,Standard,None,76,71,67,71.33333333333333,214
Male,Group B,High School,Standard,Completed,73,71,68,70.66666666666667,212
Female,Group D,Associate'S Degree,Free/Reduced,None,52,59,56,55.666666666666664,167
Male,Group C,Some College,Free/Reduced,None,68,68,61,65.66666666666667,197
Male,Group A,High School,Standard,None,59,52,46,52.333333333333336,157
Female,Group B,Associate'S Degree,Standard,None,49,52,54,51.666666666666664,155
Male,Group C,High School,Standard,None,70,74,71,71.66666666666667,215
Male,Group D,Some College,Free/Reduced,None,61,47,56,54.666666666666664,164
Female,Group C,Associate'S Degree,Free/Reduced,None,60,75,74,69.66666666666667,209
Male,Group B,Some High School,Standard,Completed,64,53,57,58.0,174
Male,Group A,Associate'S Degree,Free/Reduced,Completed,79,82,82,81.0,243
Female,Group A,Associate'S Degree,Free/Reduced,None,65,85,76,75.33333333333333,226
Female,Group C,Associate'S Degree,Standard,None,64,64,70,66.0,198
Female,Group C,Some College,Standard,None,83,83,90,85.33333333333333,256
Female,Group C,Bachelor'S Degree,Standard,None,81,88,90,86.33333333333333,259
Female,Group B,High School,Standard,None,54,64,68,62.0,186
Male,Group D,High School,Standard,Completed,68,64,66,66.0,198
Female,Group C,Some College,Standard,None,54,48,52,51.333333333333336,154
Female,Group D,Some College,Free/Reduced,Completed,59,78,76,71.0,213
Female,Group B,Some High School,Standard,None,66,69,68,67.66666666666667,203
Male,Group E,Some College,Standard,None,76,71,72,73.0,219
Female,Group D,Master'S Degree,Standard,None,74,79,82,78.33333333333333,235
Female,Group B,Associate'S Degree,Standard,Completed,94,87,92,91.0,273
Male,Group C,Some College,Free/Reduced,None,63,61,54,59.333333333333336,178
Female,Group E,Associate'S Degree,Standard,Completed,95,89,92,92.0,276
Female,Group D,Master'S Degree,Free/Reduced,None,40,59,54,51.0,153
Female,Group B,Some High School,Standard,None,82,82,80,81.33333333333333,244
Male,Group A,High School,Standard,None,68,70,66,68.0,204
Male,Group B,Bachelor'S Degree,Free/Reduced,None,55,59,54,56.0,168
Male,Group C,Master'S Degree,Standard,None,79,78,77,78.0,234
Female,Group C,Bachelor'S Degree,Standard,None,86,92,87,88.33333333333333,265
Male,Group D,Some College,Standard,None,76,71,73,73.33333333333333,220
Male,Group A,Some High School,Standard,None,64,50,43,52.333333333333336,157
Male,Group D,Some High School,Free/Reduced,None,62,49,52,54.333333333333336,163
Female,Group B,Some High School,Standard,Completed,54,61,62,59.0,177
Female,Group B,Master'S Degree,Free/Reduced,Completed,77,97,94,89.33333333333333,268
Female,Group C,Some High School,Standard,Completed,76,87,85,82.66666666666667,248
Female,Group D,Some College,Standard,None,74,89,84,82.33333333333333,247
Female,Group E,Some College,Standard,Completed,66,74,73,71.0,213
Female,Group D,Some High School,Standard,Completed,66,78,78,74.0,222
Female,Group B,High School,Free/Reduced,Completed,67,78,79,74.66666666666667,224
Male,Group D,Some College,Standard,None,71,49,52,57.333333333333336,172
Female,Group C,Associate'S Degree,Standard,None,91,86,84,87.0,261
Male,Group D,Bachelor'S Degree,Standard,None,69,58,57,61.333333333333336,184
Male,Group C,Master'S Degree,Free/Reduced,None,54,59,50,54.333333333333336,163
Male,Group C,High School,Standard,Completed,53,52,49,51.333333333333336,154
Male,Group E,Some College,Standard,None,68,60,59,62.333333333333336,187
Male,Group C,Some High School,Free/Reduced,Completed,56,61,60,59.0,177
Female,Group C,High School,Free/Reduced,None,36,53,43,44.0,132
Female,Group D,Bachelor'S Degree,Free/Reduced,None,29,41,47,39.0,117
Female,Group C,Associate'S Degree,Standard,None,62,74,70,68.66666666666667,206
Female,Group C,Associate'S Degree,Standard,Completed,68,67,73,69.33333333333333,208
Female,Group C,Some High School,Standard,None,47,54,53,51.333333333333336,154
Male,Group E,Associate'S Degree,Standard,Completed,62,61,58,60.333333333333336,181
Female,Group E,Associate'S Degree,Standard,Completed,79,88,94,87.0,261
Male,Group B,High School,Standard,Completed,73,69,68,70.0,210
Female,Group C,Bachelor'S Degree,Free/Reduced,Completed,66,83,83,77.33333333333333,232
Male,Group C,Associate'S Degree,Standard,Completed,51,60,58,56.333333333333336,169
Female,Group D,High School,Standard,None,51,66,62,59.666666666666664,179
Male,Group E,Bachelor'S Degree,Standard,Completed,85,66,71,74.0,222
Male,Group A,Associate'S Degree,Standard,Completed,97,92,86,91.66666666666667,275
Male,Group C,High School,Standard,Completed,75,69,68,70.66666666666667,212
Male,Group D,Associate'S Degree,Free/Reduced,Completed,79,82,80,80.33333333333333,241
Female,Group C,Associate'S Degree,Standard,None,81,77,79,79.0,237
Female,Group D,Associate'S Degree,Standard,None,82,95,89,88.66666666666667,266
Female,Group D,Master'S Degree,Standard,None,64,63,66,64.33333333333333,193
Male,Group E,Some High School,Free/Reduced,Completed,78,83,80,80.33333333333333,241
Female,Group A,Some High School,Standard,Completed,92,100,97,96.33333333333333,289
Male,Group C,High School,Standard,Completed,72,67,64,67.66666666666667,203
Female,Group C,High School,Free/Reduced,None,62,67,64,64.33333333333333,193
Male,Group C,Master'S Degree,Standard,None,79,72,69,73.33333333333333,220
Male,Group C,Some High School,Free/Reduced,None,79,76,65,73.33333333333333,220
Male,Group B,Bachelor'S Degree,Free/Reduced,Completed,87,90,88,88.33333333333333,265
Female,Group B,Associate'S Degree,Standard,None,40,48,50,46.0,138
Male,Group D,Some College,Free/Reduced,None,77,62,64,67.66666666666667,203
Male,Group E,Associate'S Degree,Standard,None,53,45,40,46.0,138
Female,Group C,Some College,Free/Reduced,None,32,39,33,34.666666666666664,104
Female,Group C,Associate'S Degree,Standard,Completed,55,72,79,68.66666666666667,206
Male,Group C,Master'S Degree,Free/Reduced,None,61,67,66,64.66666666666667,194
Female,Group B,Associate'S Degree,Free/Reduced,None,53,70,70,64.33333333333333,193
Male,Group D,Some High School,Standard,None,73,66,62,67.0,201
Female,Group D,Some College,Standard,Completed,74,75,79,76.0,228
Female,Group C,Some College,Standard,None,63,74,74,70.33333333333333,211
Male,Group C,Bachelor'S Degree,Standard,Completed,96,90,92,92.66666666666667,278
Female,Group D,Some College,Free/Reduced,Completed,63,80,80,74.33333333333333,223
Male,Group B,Bachelor'S Degree,Free/Reduced,None,48,51,46,48.333333333333336,145
Male,Group B,Associate'S Degree,Standard,None,48,43,45,45.333333333333336,136
Female,Group E,Bachelor'S Degree,Free/Reduced,Completed,92,100,100,97.33333333333333,292
Female,Group D,Master'S Degree,Free/Reduced,Completed,61,71,78,70.0,210
Male,Group B,High School,Free/Reduced,None,63,48,47,52.666666666666664,158
Male,Group D,Bachelor'S Degree,Free/Reduced,None,68,68,67,67.66666666666667,203
Male,Group B,Some College,Standard,Completed,71,75,70,72.0,216
Male,Group A,Bachelor'S Degree,Standard,None,91,96,92,93.0,279
Female,Group C,Some College,Standard,None,53,62,56,57.0,171
Female,Group C,High School,Free/Reduced,Completed,50,66,64,60.0,180
Female,Group E,High School,Standard,None,74,81,71,75.33333333333333,226
Male,Group A,Associate'S Degree,Free/Reduced,Completed,40,55,53,49.333333333333336,148
Male,Group A,Some College,Standard,Completed,61,51,52,54.666666666666664,164
Female,Group B,High School,Standard,None,81,91,89,87.0,261
Female,Group B,Some College,Free/Reduced,Completed,48,56,58,54.0,162
Female,Group D,Master'S Degree,Standard,None,53,61,68,60.666666666666664,182
Female,Group D,Some High School,Standard,None,81,97,96,91.33333333333333,274
Female,Group E,Some High School,Standard,None,77,79,80,78.66666666666667,236
Female,Group D,Bachelor'S Degree,Free/Reduced,None,63,73,78,71.33333333333333,214
Female,Group D,Associate'S Degree,Standard,Completed,73,75,80,76.0,228
Female,Group D,Some College,Standard,None,69,77,77,74.33333333333333,223
Female,Group C,Associate'S Degree,Standard,None,65,76,76,72.33333333333333,217
Female,Group A,High School,Standard,None,55,73,73,67.0,201
Female,Group C,Bachelor'S Degree,Free/Reduced,None,44,63,62,56.333333333333336,169
Female,Group C,Some College,Standard,None,54,64,65,61.0,183
Female,Group A,Some High School,Standard,None,48,66,65,59.666666666666664,179
Male,Group C,Some College,Free/Reduced,None,58,57,54,56.333333333333336,169
Male,Group A,Some High School,Standard,None,71,62,50,61.0,183
Male,Group E,Bachelor'S Degree,Standard,None,68,68,64,66.66666666666667,200
Female,Group E,High School,Standard,None,74,76,73,74.33333333333333,223
Female,Group C,Bachelor'S Degree,Standard,Completed,92,100,99,97.0,291
Female,Group C,Bachelor'S Degree,Standard,Completed,56,79,72,69.0,207
Male,Group B,High School,Free/Reduced,None,30,24,15,23.0,69
Male,Group A,Some High School,Standard,None,53,54,48,51.666666666666664,155
Female,Group D,High School,Standard,None,69,77,73,73.0,219
Female,Group D,Some High School,Standard,None,65,82,81,76.0,228
Female,Group D,Master'S Degree,Standard,None,54,60,63,59.0,177
Female,Group C,High School,Standard,None,29,29,30,29.333333333333332,88
Female,Group E,Some College,Standard,None,76,78,80,78.0,234
Male,Group D,High School,Free/Reduced,None,60,57,51,56.0,168
Male,Group D,Master'S Degree,Free/Reduced,Completed,84,89,90,87.66666666666667,263
Male,Group C,Some High School,Standard,None,75,72,62,69.66666666666667,209
Female,Group C,Associate'S Degree,Standard,None,85,84,82,83.66666666666667,251
Female,Group C,Master'S Degree,Free/Reduced,None,40,58,54,50.666666666666664,152
Female,Group E,Some College,Standard,None,61,64,62,62.333333333333336,187
Female,Group B,Associate'S Degree,Standard,None,58,63,65,62.0,186
Male,Group D,Some College,Free/Reduced,Completed,69,60,63,64.0,192
Female,Group C,Some College,Standard,None,58,59,66,61.0,183
Male,Group C,Bachelor'S Degree,Standard,Completed,94,90,91,91.66666666666667,275
Female,Group C,Associate'S Degree,Standard,None,65,77,74,72.0,216
Female,Group A,Associate'S Degree,Standard,None,82,93,93,89.33333333333333,268
Female,Group C,High School,Standard,None,60,68,72,66.66666666666667,200
Female,Group E,Bachelor'S Degree,Standard,None,37,45,38,40.0,120
Male,Group D,Bachelor'S Degree,Standard,None,88,78,83,83.0,249
Male,Group D,Master'S Degree,Standard,None,95,81,84,86.66666666666667,260
Male,Group C,Associate'S Degree,Free/Reduced,Completed,65,73,68,68.66666666666667,206
Female,Group C,High School,Free/Reduced,None,35,61,54,50.0,150
Male,Group B,Bachelor'S Degree,Free/Reduced,None,62,63,56,60.333333333333336,181
Male,Group C,High School,Free/Reduced,Completed,58,51,52,53.666666666666664,161
Male,Group A,Some College,Standard,Completed,100,96,86,94.0,282
Female,Group E,Bachelor'S Degree,Free/Reduced,None,61,58,62,60.333333333333336,181
Male,Group D,Some College,Standard,Completed,100,97,99,98.66666666666667,296
Male,Group B,Associate'S Degree,Free/Reduced,Completed,69,70,63,67.33333333333333,202
Male,Group D,Associate'S Degree,Standard,None,61,48,46,51.666666666666664,155
Male,Group D,Some College,Free/Reduced,None,49,57,46,50.666666666666664,152
Female,Group C,Some High School,Standard,Completed,44,51,55,50.0,150
Male,Group D,Some College,Standard,None,67,64,70,67.0,201
Male,Group B,High School,Standard,None,79,60,65,68.0,204
Female,Group B,Bachelor'S Degree,Standard,Completed,66,74,81,73.66666666666667,221
Female,Group C,High School,Standard,None,75,88,85,82.66666666666667,248
Male,Group D,Some High School,Standard,None,84,84,80,82.66666666666667,248
Male,Group A,High School,Standard,None,71,74,64,69.66666666666667,209
Female,Group B,High School,Free/Reduced,Completed,67,80,81,76.0,228
Female,Group D,Some High School,Standard,Completed,80,92,88,86.66666666666667,260
Male,Group E,Some College,Standard,None,86,76,74,78.66666666666667,236
Female,Group D,Associate'S Degree,Standard,None,76,74,73,74.33333333333333,223
Male,Group D,High School,Standard,None,41,52,51,48.0,144
Female,Group D,Associate'S Degree,Free/Reduced,Completed,74,88,90,84.0,252
Female,Group B,Some High School,Free/Reduced,None,72,81,79,77.33333333333333,232
Female,Group E,High School,Standard,Completed,74,79,80,77.66666666666667,233
Male,Group B,High School,Standard,None,70,65,60,65.0,195
Female,Group B,Bachelor'S Degree,Standard,Completed,65,81,81,75.66666666666667,227
Female,Group D,Associate'S Degree,Standard,None,59,70,65,64.66666666666667,194
Female,Group E,High School,Free/Reduced,None,64,62,68,64.66666666666667,194
Female,Group B,High School,Standard,None,50,53,55,52.666666666666664,158
Female,Group D,Some College,Standard,Completed,69,79,81,76.33333333333333,229
Male,Group C,Some High School,Free/Reduced,Completed,51,56,53,53.333333333333336,160
Female,Group A,High School,Standard,Completed,68,80,76,74.66666666666667,224
Female,Group D,Some College,Standard,Completed,85,86,98,89.66666666666667,269
Female,Group A,Associate'S Degree,Standard,Completed,65,70,74,69.66666666666667,209
Female,Group B,Some High School,Standard,None,73,79,79,77.0,231
Female,Group B,Some College,Standard,None,62,67,67,65.33333333333333,196
Male,Group C,Associate'S Degree,Free/Reduced,None,77,67,64,69.33333333333333,208
Male,Group D,Some High School,Standard,None,69,66,61,65.33333333333333,196
Female,Group D,Associate'S Degree,Free/Reduced,None,43,60,58,53.666666666666664,161
Male,Group D,Associate'S Degree,Standard,None,90,87,85,87.33333333333333,262
Male,Group C,Some College,Free/Reduced,None,74,77,73,74.66666666666667,224
Male,Group C,Some High School,Standard,None,73,66,63,67.33333333333333,202
Female,Group D,Some College,Free/Reduced,None,55,71,69,65.0,195
Female,Group C,High School,Standard,None,65,69,67,67.0,201
Male,Group D,Associate'S Degree,Standard,None,80,63,63,68.66666666666667,206
Female,Group C,Some High School,Free/Reduced,Completed,50,60,60,56.666666666666664,170
Female,Group C,Some College,Free/Reduced,Completed,63,73,71,69.0,207
Female,Group B,Bachelor'S Degree,Free/Reduced,None,77,85,87,83.0,249
Male,Group C,Some College,Standard,None,73,74,61,69.33333333333333,208
Male,Group D,Associate'S Degree,Standard,Completed,81,72,77,76.66666666666667,230
Female,Group C,High School,Free/Reduced,None,66,76,68,70.0,210
Male,Group D,Associate'S Degree,Free/Reduced,None,52,57,50,53.0,159
Female,Group C,Some College,Standard,None,69,78,76,74.33333333333333,223
Female,Group C,Associate'S Degree,Standard,Completed,65,84,84,77.66666666666667,233
Female,Group D,High School,Standard,Completed,69,77,78,74.66666666666667,224
Female,Group B,Some College,Standard,Completed,50,64,66,60.0,180
Female,Group E,Some College,Standard,Completed,73,78,76,75.66666666666667,227
Female,Group C,Some High School,Standard,Completed,70,82,76,76.0,228
Male,Group D,Associate'S Degree,Free/Reduced,None,81,75,78,78.0,234
Male,Group D,Some College,Free/Reduced,None,63,61,60,61.333333333333336,184
Female,Group D,High School,Standard,None,67,72,74,71.0,213
Male,Group B,High School,Standard,None,60,68,60,62.666666666666664,188
Male,Group B,High School,Standard,None,62,55,54,57.0,171
Female,Group C,Some High School,Free/Reduced,Completed,29,40,44,37.666666666666664,113
Male,Group B,Some College,Standard,Completed,62,66,68,65.33333333333333,196
Female,Group E,Master'S Degree,Standard,Completed,94,99,100,97.66666666666667,293
Male,Group E,Some College,Standard,Completed,85,75,68,76.0,228
Male,Group D,Associate'S Degree,Free/Reduced,None,77,78,73,76.0,228
Male,Group A,High School,Free/Reduced,None,53,58,44,51.666666666666664,155
Male,Group E,Some College,Free/Reduced,None,93,90,83,88.66666666666667,266
Female,Group C,Associate'S Degree,Standard,None,49,53,53,51.666666666666664,155
Female,Group E,Associate'S Degree,Free/Reduced,None,73,76,78,75.66666666666667,227
Female,Group C,Bachelor'S Degree,Free/Reduced,Completed,66,74,81,73.66666666666667,221
Female,Group D,Associate'S Degree,Standard,None,77,77,73,75.66666666666667,227
Female,Group C,Some High School,Standard,None,49,63,56,56.0,168
Female,Group D,Some College,Free/Reduced,None,79,89,86,84.66666666666667,254
Female,Group C,Associate'S Degree,Standard,Completed,75,82,90,82.33333333333333,247
Female,Group A,Bachelor'S Degree,Standard,None,59,72,70,67.0,201
Female,Group D,Associate'S Degree,Standard,Completed,57,78,79,71.33333333333333,214
Male,Group C,High School,Free/Reduced,None,66,66,59,63.666666666666664,191
Female,Group E,Bachelor'S Degree,Standard,Completed,79,81,82,80.66666666666667,242
Female,Group B,Some High School,Standard,None,57,67,72,65.33333333333333,196
Male,Group A,Bachelor'S Degree,Standard,Completed,87,84,87,86.0,258
Female,Group D,Some College,Standard,None,63,64,67,64.66666666666667,194
Female,Group B,Some High School,Free/Reduced,Completed,59,63,64,62.0,186
Male,Group A,Bachelor'S Degree,Free/Reduced,None,62,72,65,66.33333333333333,199
Male,Group D,High School,Standard,None,46,34,36,38.666666666666664,116
Male,Group C,Some College,Standard,None,66,59,52,59.0,177
Male,Group D,High School,Standard,None,89,87,79,85.0,255
Female,Group D,Associate'S Degree,Free/Reduced,Completed,42,61,58,53.666666666666664,161
Male,Group C,Some College,Standard,Completed,93,84,90,89.0,267
Female,Group E,Some High School,Standard,Completed,80,85,85,83.33333333333333,250
Female,Group D,Some College,Standard,None,98,100,99,99.0,297
Male,Group D,Master'S Degree,Standard,None,81,81,84,82.0,246
Female,Group B,Some High School,Standard,Completed,60,70,74,68.0,204
Female,Group B,Associate'S Degree,Free/Reduced,Completed,76,94,87,85.66666666666667,257
Male,Group C,Associate'S Degree,Standard,Completed,73,78,72,74.33333333333333,223
Female,Group C,Associate'S Degree,Standard,Completed,96,96,99,97.0,291
Female,Group C,High School,Standard,None,76,76,74,75.33333333333333,226
Male,Group E,Associate'S Degree,Free/Reduced,Completed,91,73,80,81.33333333333333,244
Female,Group C,Some College,Free/Reduced,None,62,72,70,68.0,204
Male,Group D,Some High School,Free/Reduced,Completed,55,59,59,57.666666666666664,173
Female,Group B,Some High School,Free/Reduced,Completed,74,90,88,84.0,252
Male,Group C,High School,Standard,None,50,48,42,46.666666666666664,140
Male,Group B,Some College,Standard,None,47,43,41,43.666666666666664,131
Male,Group E,Some College,Standard,Completed,81,74,71,75.33333333333333,226
Female,Group E,Associate'S Degree,Standard,Completed,65,75,77,72.33333333333333,217
Male,Group E,Some High School,Standard,Completed,68,51,57,58.666666666666664,176
Female,Group D,High School,Free/Reduced,None,73,92,84,83.0,249
Male,Group C,Some College,Standard,None,53,39,37,43.0,129
Female,Group B,Associate'S Degree,Free/Reduced,Completed,68,77,80,75.0,225
Male,Group A,Some High School,Free/Reduced,None,55,46,43,48.0,144
Female,Group C,Some College,Standard,Completed,87,89,94,90.0,270
Male,Group D,Some High School,Standard,None,55,47,44,48.666666666666664,146
Female,Group E,Some College,Free/Reduced,None,53,58,57,56.0,168
Male,Group C,Master'S Degree,Standard,None,67,57,59,61.0,183
Male,Group C,Associate'S Degree,Standard,None,92,79,84,85.0,255
Female,Group B,Some College,Free/Reduced,Completed,53,66,73,64.0,192
Male,Group D,Associate'S Degree,Standard,None,81,71,73,75.0,225
Male,Group C,High School,Free/Reduced,None,61,60,55,58.666666666666664,176
Male,Group D,Bachelor'S Degree,Standard,None,80,73,72,75.0,225
Female,Group A,Associate'S Degree,Free/Reduced,None,37,57,56,50.0,150
Female,Group C,High School,Standard,None,81,84,82,82.33333333333333,247
Female,Group C,Associate'S Degree,Standard,Completed,59,73,72,68.0,204
Male,Group B,Some College,Free/Reduced,None,55,55,47,52.333333333333336,157
Male,Group D,Associate'S Degree,Standard,None,72,79,74,75.0,225
Male,Group D,High School,Standard,None,69,75,71,71.66666666666667,215
Male,Group C,Some College,Standard,None,69,64,68,67.0,201
Female,Group C,Bachelor'S Degree,Free/Reduced,None,50,60,59,56.333333333333336,169
Male,Group B,Some College,Standard,Completed,87,84,86,85.66666666666667,257
Male,Group D,Some High School,Standard,Completed,71,69,68,69.33333333333333,208
Male,Group E,Some College,Standard,None,68,72,65,68.33333333333333,205
Male,Group C,Master'S Degree,Free/Reduced,Completed,79,77,75,77.0,231
Female,Group C,Some High School,Standard,Completed,77,90,85,84.0,252
Male,Group C,Associate'S Degree,Free/Reduced,None,58,55,53,55.333333333333336,166
Female,Group E,Associate'S Degree,Standard,None,84,95,92,90.33333333333333,271
Male,Group D,Some College,Standard,None,55,58,52,55.0,165
Male,Group E,Bachelor'S Degree,Free/Reduced,Completed,70,68,72,70.0,210
Female,Group D,Some College,Free/Reduced,Completed,52,59,65,58.666666666666664,176
Male,Group B,Some College,Standard,Completed,69,77,77,74.33333333333333,223
Female,Group C,High School,Free/Reduced,None,53,72,64,63.0,189
Female,Group D,Some High School,Standard,None,48,58,54,53.333333333333336,160
Male,Group D,Some High School,Standard,Completed,78,81,86,81.66666666666667,245
Female,Group B,High School,Standard,None,62,62,63,62.333333333333336,187
Male,Group D,Some College,Standard,None,60,63,59,60.666666666666664,182
Female,Group B,High School,Standard,None,74,72,72,72.66666666666667,218
Female,Group C,High School,Standard,Completed,58,75,77,70.0,210
Male,Group B,High School,Standard,Completed,76,62,60,66.0,198
Female,Group D,Some High School,Standard,None,68,71,75,71.33333333333333,214
Male,Group A,Some College,Free/Reduced,None,58,60,57,58.333333333333336,175
Male,Group B,High School,Standard,None,52,48,49,49.666666666666664,149
Male,Group D,Bachelor'S Degree,Standard,None,75,73,74,74.0,222
Female,Group B,Some High School,Free/Reduced,Completed,52,67,72,63.666666666666664,191
Female,Group C,Bachelor'S Degree,Free/Reduced,None,62,78,79,73.0,219
Male,Group B,Some College,Standard,None,66,65,60,63.666666666666664,191
Female,Group B,Some High School,Free/Reduced,None,49,58,55,54.0,162
Female,Group B,High School,Standard,None,66,72,70,69.33333333333333,208
Female,Group C,Some College,Free/Reduced,None,35,44,43,40.666666666666664,122
Female,Group A,Some College,Standard,Completed,72,79,82,77.66666666666667,233
Male,Group E,Associate'S Degree,Standard,Completed,94,85,82,87.0,261
Female,Group D,Associate'S Degree,Free/Reduced,None,46,56,57,53.0,159
Female,Group B,Master'S Degree,Standard,None,77,90,84,83.66666666666667,251
Female,Group B,High School,Free/Reduced,Completed,76,85,82,81.0,243
Female,Group C,Associate'S Degree,Standard,Completed,52,59,62,57.666666666666664,173
Male,Group C,Bachelor'S Degree,Standard,Completed,91,81,79,83.66666666666667,251
Female,Group B,Some High School,Standard,Completed,32,51,44,42.333333333333336,127
Female,Group E,Some High School,Free/Reduced,None,72,79,77,76.0,228
Female,Group B,Some College,Standard,None,19,38,32,29.666666666666668,89
Male,Group C,Associate'S Degree,Free/Reduced,None,68,65,61,64.66666666666667,194
Female,Group C,Master'S Degree,Free/Reduced,None,52,65,61,59.333333333333336,178
Female,Group B,High School,Standard,None,48,62,60,56.666666666666664,170
Female,Group D,Some College,Free/Reduced,None,60,66,70,65.33333333333333,196
Male,Group D,High School,Free/Reduced,None,66,74,69,69.66666666666667,209
Male,Group E,Some High School,Standard,Completed,89,84,77,83.33333333333333,250
Female,Group B,High School,Standard,None,42,52,51,48.333333333333336,145
Female,Group E,Associate'S Degree,Free/Reduced,Completed,57,68,73,66.0,198
Male,Group D,High School,Standard,None,70,70,70,70.0,210
Female,Group E,Associate'S Degree,Free/Reduced,None,70,84,81,78.33333333333333,235
Male,Group E,Some College,Standard,None,69,60,54,61.0,183
Female,Group C,Associate'S Degree,Standard,None,52,55,57,54.666666666666664,164
Male,Group C,Some High School,Standard,Completed,67,73,68,69.33333333333333,208
Male,Group C,Some High School,Standard,Completed,76,80,73,76.33333333333333,229
Female,Group E,Associate'S Degree,Standard,None,87,94,95,92.0,276
Female,Group B,Some College,Standard,None,82,85,87,84.66666666666667,254
Female,Group C,Some College,Standard,None,73,76,78,75.66666666666667,227
Male,Group A,Some College,Free/Reduced,None,75,81,74,76.66666666666667,230
Female,Group D,Some College,Free/Reduced,None,64,74,75,71.0,213
Female,Group E,High School,Free/Reduced,None,41,45,40,42.0,126
Male,Group C,High School,Standard,None,90,75,69,78.0,234
Male,Group B,Bachelor'S Degree,Standard,None,59,54,51,54.666666666666664,164
Male,Group A,Some High School,Standard,None,51,31,36,39.333333333333336,118
Male,Group A,High School,Free/Reduced,None,45,47,49,47.0,141
Female,Group C,Master'S Degree,Standard,Completed,54,64,67,61.666666666666664,185
Male,Group E,Some High School,Standard,Completed,87,84,76,82.33333333333333,247
Female,Group C,High School,Standard,None,72,80,83,78.33333333333333,235
Male,Group B,Some High School,Standard,Completed,94,86,87,89.0,267
Female,Group A,Bachelor'S Degree,Standard,None,45,59,64,56.0,168
Male,Group D,Bachelor'S Degree,Free/Reduced,Completed,61,70,76,69.0,207
Female,Group B,High School,Free/Reduced,None,60,72,68,66.66666666666667,200
Female,Group C,Some High School,Standard,None,77,91,88,85.33333333333333,256
Female,Group A,Some High School,Standard,Completed,85,90,92,89.0,267
Female,Group D,Bachelor'S Degree,Free/Reduced,None,78,90,93,87.0,261
Male,Group E,Some College,Free/Reduced,Completed,49,52,51,50.666666666666664,152
Female,Group B,High School,Free/Reduced,None,71,87,82,80.0,240
Female,Group C,Some High School,Free/Reduced,None,48,58,52,52.666666666666664,158
Male,Group C,High School,Standard,None,62,67,58,62.333333333333336,187
Female,Group C,Associate'S Degree,Free/Reduced,Completed,56,68,70,64.66666666666667,194
Female,Group C,Some High School,Standard,None,65,69,76,70.0,210
Female,Group D,Some High School,Free/Reduced,Completed,69,86,81,78.66666666666667,236
Male,Group B,Some High School,Standard,None,68,54,53,58.333333333333336,175
Female,Group A,Some College,Free/Reduced,None,61,60,57,59.333333333333336,178
Female,Group C,Bachelor'S Degree,Free/Reduced,Completed,74,86,89,83.0,249
Male,Group A,Bachelor'S Degree,Standard,None,64,60,58,60.666666666666664,182
Female,Group B,High School,Standard,Completed,77,82,89,82.66666666666667,248
Male,Group B,Some College,Standard,None,58,50,45,51.0,153
Female,Group C,High School,Standard,Completed,60,64,74,66.0,198
Male,Group E,High School,Standard,None,73,64,57,64.66666666666667,194
Female,Group A,High School,Standard,Completed,75,82,79,78.66666666666667,236
Male,Group B,Associate'S Degree,Free/Reduced,Completed,58,57,53,56.0,168
Female,Group C,Associate'S Degree,Standard,None,66,77,73,72.0,216
Female,Group D,High School,Free/Reduced,None,39,52,46,45.666666666666664,137
Male,Group C,Some High School,Standard,None,64,58,51,57.666666666666664,173
Female,Group B,High School,Free/Reduced,Completed,23,44,36,34.333333333333336,103
Male,Group B,Some College,Free/Reduced,Completed,74,77,76,75.66666666666667,227
Female,Group D,Some High School,Free/Reduced,Completed,40,65,64,56.333333333333336,169
Male,Group E,Master'S Degree,Standard,None,90,85,84,86.33333333333333,259
Male,Group C,Master'S Degree,Standard,Completed,91,85,85,87.0,261
Male,Group D,High School,Standard,None,64,54,50,56.0,168
Female,Group C,High School,Standard,None,59,72,68,66.33333333333333,199
Male,Group D,Associate'S Degree,Standard,None,80,75,69,74.66666666666667,224
Male,Group C,Master'S Degree,Standard,None,71,67,67,68.33333333333333,205
Female,Group A,High School,Standard,None,61,68,63,64.0,192
Female,Group E,Some College,Standard,None,87,85,93,88.33333333333333,265
Male,Group E,Some High School,Standard,None,82,67,61,70.0,210
Male,Group C,Some High School,Standard,None,62,64,55,60.333333333333336,181
Female,Group B,Bachelor'S Degree,Standard,None,97,97,96,96.66666666666667,290
Male,Group B,Some College,Free/Reduced,None,75,68,65,69.33333333333333,208
Female,Group C,Bachelor'S Degree,Standard,None,65,79,81,75.0,225
Male,Group B,High School,Standard,Completed,52,49,46,49.0,147
Male,Group C,Associate'S Degree,Free/Reduced,None,87,73,72,77.33333333333333,232
Female,Group C,Associate'S Degree,Standard,None,53,62,53,56.0,168
Female,Group E,Master'S Degree,Free/Reduced,None,81,86,87,84.66666666666667,254
Male,Group D,Bachelor'S Degree,Free/Reduced,Completed,39,42,38,39.666666666666664,119
Female,Group C,Some College,Standard,Completed,71,71,80,74.0,222
Male,Group C,Associate'S Degree,Standard,None,97,93,91,93.66666666666667,281
Male,Group D,Some College,Standard,Completed,82,82,88,84.0,252
Male,Group C,High School,Free/Reduced,None,59,53,52,54.666666666666664,164
Male,Group B,Associate'S Degree,Standard,None,61,42,41,48.0,144
Male,Group E,Associate'S Degree,Free/Reduced,Completed,78,74,72,74.66666666666667,224
Male,Group C,Associate'S Degree,Free/Reduced,None,49,51,51,50.333333333333336,151
Male,Group B,High School,Standard,None,59,58,47,54.666666666666664,164
Female,Group C,Some College,Standard,Completed,70,72,76,72.66666666666667,218
Male,Group B,Associate'S Degree,Standard,Completed,82,84,78,81.33333333333333,244
Male,Group E,Associate'S Degree,Free/Reduced,None,90,90,82,87.33333333333333,262
Female,Group C,Bachelor'S Degree,Free/Reduced,None,43,62,61,55.333333333333336,166
Male,Group C,Some College,Free/Reduced,None,80,64,66,70.0,210
Male,Group D,Some College,Standard,None,81,82,84,82.33333333333333,247
Male,Group C,Some High School,Standard,None,57,61,54,57.333333333333336,172
Female,Group D,Some High School,Standard,None,59,72,80,70.33333333333333,211
Female,Group D,Associate'S Degree,Standard,None,64,76,74,71.33333333333333,214
Male,Group C,Bachelor'S Degree,Standard,Completed,63,64,66,64.33333333333333,193
Female,Group E,Bachelor'S Degree,Standard,Completed,71,70,70,70.33333333333333,211
Female,Group B,High School,Free/Reduced,None,64,73,71,69.33333333333333,208
Male,Group D,Bachelor'S Degree,Free/Reduced,None,55,46,44,48.333333333333336,145
Female,Group E,Associate'S Degree,Standard,None,51,51,54,52.0,156
Female,Group C,Associate'S Degree,Standard,Completed,62,76,80,72.66666666666667,218
Female,Group E,Associate'S Degree,Standard,Completed,93,100,95,96.0,288
Male,Group C,High School,Free/Reduced,None,54,72,59,61.666666666666664,185
Female,Group D,Some College,Free/Reduced,None,69,65,74,69.33333333333333,208
Male,Group D,High School,Free/Reduced,None,44,51,48,47.666666666666664,143
Female,Group E,Some College,Standard,Completed,86,85,91,87.33333333333333,262
Female,Group E,Associate'S Degree,Standard,None,85,92,85,87.33333333333333,262
Female,Group A,Master'S Degree,Free/Reduced,None,50,67,73,63.333333333333336,190
Male,Group D,Some High School,Standard,Completed,88,74,75,79.0,237
Female,Group E,Associate'S Degree,Standard,None,59,62,69,63.333333333333336,190
Female,Group E,Some High School,Free/Reduced,None,32,34,38,34.666666666666664,104
Male,Group B,High School,Free/Reduced,None,36,29,27,30.666666666666668,92
Female,Group B,Some High School,Free/Reduced,Completed,63,78,79,73.33333333333333,220
Male,Group D,Associate'S Degree,Standard,Completed,67,54,63,61.333333333333336,184
Female,Group D,Some High School,Standard,Completed,65,78,82,75.0,225
Male,Group D,Master'S Degree,Standard,None,85,84,89,86.0,258
Female,Group C,Master'S Degree,Standard,None,73,78,74,75.0,225
Female,Group A,High School,Free/Reduced,Completed,34,48,41,41.0,123
Female,Group D,Bachelor'S Degree,Free/Reduced,Completed,93,100,100,97.66666666666667,293
Female,Group D,Some High School,Free/Reduced,None,67,84,84,78.33333333333333,235
Male,Group D,Some College,Standard,None,88,77,77,80.66666666666667,242
Male,Group B,High School,Standard,None,57,48,51,52.0,156
Female,Group D,Some College,Standard,Completed,79,84,91,84.66666666666667,254
Female,Group C,Bachelor'S Degree,Free/Reduced,None,67,75,72,71.33333333333333,214
Male,Group E,Bachelor'S Degree,Standard,Completed,70,64,70,68.0,204
Male,Group D,Bachelor'S Degree,Free/Reduced,None,50,42,48,46.666666666666664,140
Female,Group A,Some College,Standard,None,69,84,82,78.33333333333333,235
Female,Group C,Bachelor'S Degree,Standard,Completed,52,61,66,59.666666666666664,179
Female,Group C,Bachelor'S Degree,Free/Reduced,Completed,47,62,66,58.333333333333336,175
Female,Group B,Associate'S Degree,Free/Reduced,None,46,61,55,54.0,162
Female,Group E,Some College,Standard,None,68,70,66,68.0,204
Male,Group E,Bachelor'S Degree,Standard,Completed,100,100,100,100.0,300
Female,Group C,High School,Standard,None,44,61,52,52.333333333333336,157
Female,Group C,Associate'S Degree,Standard,Completed,57,77,80,71.33333333333333,214
Male,Group B,Some College,Standard,Completed,91,96,91,92.66666666666667,278
Male,Group D,High School,Free/Reduced,None,69,70,67,68.66666666666667,206
Female,Group C,High School,Free/Reduced,None,35,53,46,44.666666666666664,134
Male,Group D,High School,Standard,None,72,66,66,68.0,204
Female,Group B,Associate'S Degree,Free/Reduced,None,54,65,65,61.333333333333336,184
Male,Group D,High School,Free/Reduced,None,74,70,69,71.0,213
Male,Group E,Some High School,Standard,Completed,74,64,60,66.0,198
Male,Group E,Associate'S Degree,Free/Reduced,None,64,56,52,57.333333333333336,172
Female,Group D,High School,Free/Reduced,Completed,65,61,71,65.66666666666667,197
Male,Group E,Associate'S Degree,Free/Reduced,Completed,46,43,44,44.333333333333336,133
Female,Group C,Some High School,Free/Reduced,None,48,56,51,51.666666666666664,155
Male,Group C,Some College,Free/Reduced,Completed,67,74,70,70.33333333333333,211
Male,Group D,Some College,Free/Reduced,None,62,57,62,60.333333333333336,181
Male,Group D,Associate'S Degree,Free/Reduced,Completed,61,71,73,68.33333333333333,205
Male,Group C,Bachelor'S Degree,Free/Reduced,Completed,70,75,74,73.0,219
Male,Group C,Associate'S Degree,Standard,Completed,98,87,90,91.66666666666667,275
Male,Group D,Some College,Free/Reduced,None,70,63,58,63.666666666666664,191
Male,Group A,Associate'S Degree,Standard,None,67,57,53,59.0,177
Female,Group E,High School,Free/Reduced,None,57,58,57,57.333333333333336,172
Male,Group D,Some College,Standard,Completed,85,81,85,83.66666666666667,251
Male,Group D,Some High School,Standard,Completed,77,68,69,71.33333333333333,214
Male,Group C,Master'S Degree,Free/Reduced,Completed,72,66,72,70.0,210
Female,Group D,Master'S Degree,Standard,None,78,91,96,88.33333333333333,265
Male,Group C,High School,Standard,None,81,66,64,70.33333333333333,211
Male,Group A,Some High School,Free/Reduced,Completed,61,62,61,61.333333333333336,184
Female,Group B,High School,Standard,None,58,68,61,62.333333333333336,187
Female,Group C,Associate'S Degree,Standard,None,54,61,58,57.666666666666664,173
Male,Group B,High School,Standard,None,82,82,80,81.33333333333333,244
Female,Group D,Some College,Free/Reduced,None,49,58,60,55.666666666666664,167
Male,Group B,Some High School,Free/Reduced,Completed,49,50,52,50.333333333333336,151
Female,Group E,High School,Free/Reduced,Completed,57,75,73,68.33333333333333,205
Male,Group E,High School,Standard,None,94,73,71,79.33333333333333,238
Female,Group D,Some College,Standard,Completed,75,77,83,78.33333333333333,235
Female,Group E,Some High School,Free/Reduced,None,74,74,72,73.33333333333333,220
Male,Group C,High School,Standard,Completed,58,52,54,54.666666666666664,164
Female,Group C,Some College,Standard,None,62,69,69,66.66666666666667,200
Male,Group E,Associate'S Degree,Standard,None,72,57,62,63.666666666666664,191
Male,Group C,Some College,Standard,None,84,87,81,84.0,252
Female,Group D,Master'S Degree,Standard,None,92,100,100,97.33333333333333,292
Female,Group D,High School,Standard,None,45,63,59,55.666666666666664,167
Male,Group C,High School,Standard,None,75,81,71,75.66666666666667,227
Female,Group A,Some College,Standard,None,56,58,64,59.333333333333336,178
Female,Group D,Some High School,Free/Reduced,None,48,54,53,51.666666666666664,155
Female,Group E,Associate'S Degree,Standard,None,100,100,100,100.0,300
Female,Group C,Some High School,Free/Reduced,Completed,65,76,75,72.0,216
Male,Group D,Some College,Standard,None,72,57,58,62.333333333333336,187
Female,Group D,Some College,Standard,None,62,70,72,68.0,204
Male,Group A,Some High School,Standard,Completed,66,68,64,66.0,198
Male,Group C,Some College,Standard,None,63,63,60,62.0,186
Female,Group E,Associate'S Degree,Standard,None,68,76,67,70.33333333333333,211
Female,Group B,Bachelor'S Degree,Standard,None,75,84,80,79.66666666666667,239
Female,Group D,Bachelor'S Degree,Standard,None,89,100,100,96.33333333333333,289
Male,Group C,Some High School,Standard,Completed,78,72,69,73.0,219
Female,Group A,High School,Free/Reduced,Completed,53,50,60,54.333333333333336,163
Female,Group D,Some College,Free/Reduced,None,49,65,61,58.333333333333336,175
Female,Group A,Some College,Standard,None,54,63,67,61.333333333333336,184
Female,Group C,Some College,Standard,Completed,64,82,77,74.33333333333333,223
Male,Group B,Some College,Free/Reduced,Completed,60,62,60,60.666666666666664,182
Male,Group C,Associate'S Degree,Standard,None,62,65,58,61.666666666666664,185
Male,Group D,High School,Standard,Completed,55,41,48,48.0,144
Female,Group C,Associate'S Degree,Standard,None,91,95,94,93.33333333333333,280
Female,Group B,High School,Free/Reduced,None,8,24,23,18.333333333333332,55
Male,Group D,Some High School,Standard,None,81,78,78,79.0,237
Male,Group B,Some High School,Standard,Completed,79,85,86,83.33333333333333,250
Female,Group A,Some College,Standard,Completed,78,87,91,85.33333333333333,256
Female,Group C,Some High School,Standard,None,74,75,82,77.0,231
Male,Group A,High School,Standard,None,57,51,54,54.0,162
Female,Group C,Associate'S Degree,Standard,None,40,59,51,50.0,150
Male,Group E,Some High School,Standard,Completed,81,75,76,77.33333333333333,232
Female,Group A,Some High School,Free/Reduced,None,44,45,45,44.666666666666664,134
Female,Group D,Some College,Free/Reduced,Completed,67,86,83,78.66666666666667,236
Male,Group E,High School,Free/Reduced,Completed,86,81,75,80.66666666666667,242
Female,Group B,Some High School,Standard,Completed,65,82,78,75.0,225
Female,Group D,Associate'S Degree,Free/Reduced,None,55,76,76,69.0,207
Female,Group D,Bachelor'S Degree,Free/Reduced,None,62,72,74,69.33333333333333,208
Male,Group A,High School,Standard,None,63,63,62,62.666666666666664,188
Female,Group E,Master'S Degree,Standard,Completed,88,99,95,94.0,282
Male,Group C,High School,Free/Reduced,None,62,55,55,57.333333333333336,172
Female,Group C,High School,Free/Reduced,Completed,59,71,65,65.0,195
Female,Group D,Some College,Standard,Completed,68,78,77,74.33333333333333,223
Female,Group D,Some College,Free/Reduced,None,77,86,86,83.0,249
